label,text
Invoice,"INVOICE Invoice Number: INV-1001 Date: 12/01/2026 Bill To: Sunrise Traders Company: Alpha Supplies Ltd Total Amount: $1,250.00 Amount Due: $1,250.00 Thank you for your business."
Invoice,"Invoice No: INV-2045 Date: 03-14-2026 Company: BrightTech Solutions Bill To: Marina Enterprises Grand Total: PKR 84,000 Payment due within 15 days."
Invoice,"TAX INVOICE Invoice Number INV-3390 Date: 2026/02/09 Company Name: Horizon Logistics Total: $560.75 Please remit payment to the account listed below."
Invoice,"Invoice # 77812 Date: 01/22/2026 Bill To: Client Corp Company: Vertex Manufacturing Amount Due: 3,400.00 Terms: Net 30."
Invoice,"INVOICE Invoice Number: INV-0098 Company: Falcon Traders Date: 11-30-2025 Total Amount: 12,900 PKR Bill To: Zenith Retailers."
Invoice,"Purchase Invoice Invoice No. INV-5521 Date: 04/02/2026 Company Name: Silverline Textiles Grand Total: $2,015.40 Bank transfer preferred."
Invoice,"INVOICE SUMMARY Invoice Number: INV-6120 Company: Orbit Freight Services Date: 2026-01-18 Total: 900.00 USD Bill To: Meadow Grocers."
Invoice,"Invoice Invoice No: INV-8834 Company Name: Crescent Hardware Date: 05/09/2026 Amount Due: 4,750.00 Please pay by the due date."
Invoice,"COMMERCIAL INVOICE Invoice # 12233 Date: 06-11-2026 Company: Pioneer Chemicals Total Amount: $18,220.00 Bill To: Northgate Industries."
Invoice,"Invoice Number: INV-9902 Date: 07/25/2026 Company: BlueSky Apparel Total: PKR 6,300 Amount Due: PKR 6,300 Thank you."
Resume,"RESUME John Carter Email: john.carter@email.com Phone: +1-202-555-0143 Skills: Python, Machine Learning, SQL, Data Analysis Education: BSc Computer Science Experience: Software Engineer at TechCorp."
Resume,"CURRICULUM VITAE Aisha Khan aisha.khan99@gmail.com Phone: 0300-1234567 Skills: Java, Spring Boot, REST APIs, Docker Education: BSc Software Engineering Experience: Backend Developer."
Resume,"Resume Ahmed Raza Contact: ahmed.raza@outlook.com Phone: +92-321-9988771 Skills: Communication, Project Management, Excel Education: MBA Experience: Operations Manager."
Resume,"CV Sara Malik sara.malik@yahoo.com Phone: 0333-4455667 Skills: React, JavaScript, CSS, UI Design Education: BSc Computer Science Experience: Frontend Developer at PixelWorks."
Resume,"Resume Bilal Hussain bilal.h@company.com Phone: +92-345-1122334 Skills: Networking, Linux, Security, Firewalls Education: BSc Information Technology Experience: Network Administrator."
Resume,"CURRICULUM VITAE Emma Wilson emma.wilson@mail.com Phone: 07700 900123 Skills: Content Writing, SEO, Social Media Education: BA English Experience: Marketing Associate."
Resume,"Resume Hassan Tariq hassan.tariq@email.com Phone: 0312-7788990 Skills: C++, Data Structures, Algorithms Education: BSc Artificial Intelligence Experience: Research Intern."
Resume,"CV Mahnoor Fatima mahnoor.f@email.com Phone: 0301-2233445 Skills: Graphic Design, Photoshop, Illustrator Education: BFA Fine Arts Experience: Graphic Designer."
Resume,"Resume David Lee david.lee@email.com Phone: +1-415-555-0192 Skills: Cloud Computing, AWS, Kubernetes Education: MSc Computer Science Experience: DevOps Engineer."
Resume,"CURRICULUM VITAE Zara Ahmed zara.ahmed@email.com Phone: 0345-6677889 Skills: Financial Analysis, Accounting, Excel Education: BBA Finance Experience: Financial Analyst."
Other,"Meeting Minutes Project kickoff discussion held on Monday. Attendees reviewed the timeline and assigned initial tasks to each team member for the coming sprint."
Other,"Weather Report Today's forecast shows partly cloudy skies with a high of 29 degrees Celsius and light winds from the northeast throughout the afternoon."
Other,"Recipe Card Mix flour, sugar, and butter together, then bake at 180 degrees for twenty five minutes until golden brown on top."
Other,"Travel Itinerary Day one includes a city tour, day two a museum visit, and day three free time before the evening flight departs."
Other,"Research Note This study explores the effects of soil composition on plant growth rates across three different climate zones."
Other,"Newsletter This month our community garden project welcomed twelve new volunteers and completed the new irrigation system."
Other,"Personal Journal Entry Today was a productive day. I finished reading a novel and went for a long walk in the evening."
Other,"Product Manual Press the power button for three seconds to turn on the device, then follow the on screen setup instructions."
Other,"Event Flyer Join us this Saturday for a community fundraiser featuring live music, food stalls, and a charity raffle."
Other,"Lecture Notes Chapter three covers supervised learning algorithms including decision trees, k nearest neighbors, and support vector machines."
